224.0.25.127,11935,224.0.25.127_11935
224.0.25.127,19602,224.0.25.127_19602
224.0.25.127,19603,224.0.25.127_19603
224.0.28.121,19604,224.0.28.121_19604
224.0.28.121,19605,224.0.28.121_19605
224.0.28.121,19610,224.0.28.121_19610
224.0.28.122,19607,224.0.28.122_19607
224.0.28.122,19612,224.0.28.122_19612
224.0.28.122,19609,224.0.28.122_19609
224.0.28.123,19610,224.0.28.123_19610
224.0.28.123,19611,224.0.28.123_19611
224.0.28.123,19612,224.0.28.123_19612
224.0.28.79,19613,224.0.28.79_19613
224.0.28.79,19606,224.0.28.79_19606
224.0.28.79,19615,224.0.28.79_19615
224.0.25.127,19608,224.0.25.127_19608
224.0.28.121,19617,224.0.28.121_19617
224.0.28.121,19618,224.0.28.121_19618
224.0.28.122,19619,224.0.28.122_19619
224.0.28.123,19621,224.0.28.123_19621
224.0.28.79,19623,224.0.28.79_19623
224.0.28.79,19625,224.0.28.79_19625
224.0.28.124,19627,224.0.28.124_19627
224.0.28.125,19629,224.0.28.125_19629
224.0.25.127,19631,224.0.25.127_19631
224.0.25.127,19632,224.0.25.127_19632
224.0.25.127,19633,224.0.25.127_19633
224.0.28.121,19634,224.0.28.121_19634
224.0.28.121,19635,224.0.28.121_19635
224.0.28.121,19636,224.0.28.121_19636
224.0.28.122,19637,224.0.28.122_19637
224.0.28.122,19638,224.0.28.122_19638
224.0.28.122,19639,224.0.28.122_19639
224.0.28.123,19640,224.0.28.123_19640
224.0.28.123,19641,224.0.28.123_19641
224.0.28.79,19642,224.0.28.79_19642
224.0.28.79,19643,224.0.28.79_19643
224.0.28.79,19644,224.0.28.79_19644
224.0.28.124,19645,224.0.28.124_19645
224.0.25.127,19646,224.0.25.127_19646
224.0.25.127,19647,224.0.25.127_19647
224.0.25.127,19648,224.0.25.127_19648
224.0.28.121,19649,224.0.28.121_19649
224.0.28.121,19650,224.0.28.121_19650
224.0.28.121,19651,224.0.28.121_19651
224.0.28.122,19652,224.0.28.122_19652
224.0.28.122,19654,224.0.28.122_19654
224.0.28.123,19655,224.0.28.123_19655
224.0.28.123,19657,224.0.28.123_19657
224.0.28.79,19658,224.0.28.79_19658
224.0.28.79,19659,224.0.28.79_19659
224.0.28.124,19661,224.0.28.124_19661
224.0.28.124,19662,224.0.28.124_19662
224.0.28.124,19663,224.0.28.124_19663
224.0.28.125,19664,224.0.28.125_19664
224.0.28.125,19665,224.0.28.125_19665
224.0.28.125,19666,224.0.28.125_19666
224.0.28.126,19667,224.0.28.126_19667
224.0.28.126,19668,224.0.28.126_19668
224.0.28.126,19674,224.0.28.126_19674
224.0.28.125,19685,224.0.28.125_19685
224.0.28.125,19687,224.0.28.125_19687
224.0.28.124,19698,224.0.28.124_19698
