224.0.25.101,11601,224.0.25.101.11601
224.0.25.101,11701,224.0.25.101.11701
224.0.25.127,16601,224.0.25.127.16601
224.0.25.127,11935,224.0.25.127.11935
224.0.25.254,20601,224.0.25.254.20601
224.0.25.101,11602,224.0.25.101.11602
224.0.25.101,11702,224.0.25.101.11702
224.0.25.127,16602,224.0.25.127.16602
224.0.25.127,19602,224.0.25.127.19602
224.0.25.254,20602,224.0.25.254.20602
224.0.25.101,11603,224.0.25.101.11603
224.0.25.101,11703,224.0.25.101.11703
224.0.25.127,16603,224.0.25.127.16603
224.0.25.127,19603,224.0.25.127.19603
224.0.25.254,20603,224.0.25.254.20603
224.0.28.121,11604,224.0.28.121.11604
224.0.25.101,11704,224.0.25.101.11704
224.0.28.121,16604,224.0.28.121.16604
224.0.28.121,19604,224.0.28.121.19604
224.0.25.254,20604,224.0.25.254.20604
224.0.28.121,11605,224.0.28.121.11605
224.0.25.101,11705,224.0.25.101.11705
224.0.28.121,16605,224.0.28.121.16605
224.0.28.121,19605,224.0.28.121.19605
224.0.25.254,20605,224.0.25.254.20605
224.0.28.121,11606,224.0.28.121.11606
224.0.25.101,11706,224.0.25.101.11706
224.0.28.121,16606,224.0.28.121.16606
224.0.28.121,19610,224.0.28.121.19610
224.0.25.254,20606,224.0.25.254.20606
224.0.28.122,11607,224.0.28.122.11607
224.0.25.101,11707,224.0.25.101.11707
224.0.28.122,16607,224.0.28.122.16607
224.0.28.122,19607,224.0.28.122.19607
224.0.25.254,20607,224.0.25.254.20607
224.0.28.122,11608,224.0.28.122.11608
224.0.25.101,11708,224.0.25.101.11708
224.0.28.122,16608,224.0.28.122.16608
224.0.28.122,19612,224.0.28.122.19612
224.0.25.254,20608,224.0.25.254.20608
224.0.28.122,11609,224.0.28.122.11609
224.0.25.101,11709,224.0.25.101.11709
224.0.28.122,16609,224.0.28.122.16609
224.0.28.122,19609,224.0.28.122.19609
224.0.25.254,20609,224.0.25.254.20609
224.0.28.123,11610,224.0.28.123.11610
224.0.25.101,11710,224.0.25.101.11710
224.0.28.123,16610,224.0.28.123.16610
224.0.28.123,19610,224.0.28.123.19610
224.0.25.254,20610,224.0.25.254.20610
224.0.28.123,11611,224.0.28.123.11611
224.0.25.101,11711,224.0.25.101.11711
224.0.28.123,16611,224.0.28.123.16611
224.0.28.123,19611,224.0.28.123.19611
224.0.25.254,20611,224.0.25.254.20611
224.0.28.123,11612,224.0.28.123.11612
224.0.25.101,11712,224.0.25.101.11712
224.0.28.123,16612,224.0.28.123.16612
224.0.28.123,19612,224.0.28.123.19612
224.0.25.254,20612,224.0.25.254.20612
224.0.25.101,11713,224.0.25.101.11713
224.0.25.254,20613,224.0.25.254.20613
224.0.25.101,11714,224.0.25.101.11714
224.0.25.254,20614,224.0.25.254.20614
224.0.25.101,11715,224.0.25.101.11715
224.0.25.254,20615,224.0.25.254.20615
224.0.25.101,11616,224.0.25.101.11616
224.0.25.101,11716,224.0.25.101.11716
224.0.25.127,16616,224.0.25.127.16616
224.0.25.127,19608,224.0.25.127.19608
224.0.25.254,20616,224.0.25.254.20616
224.0.25.101,11617,224.0.25.101.11617
224.0.25.101,11717,224.0.25.101.11717
224.0.25.127,16617,224.0.25.127.16617
224.0.28.121,19617,224.0.28.121.19617
224.0.25.254,20617,224.0.25.254.20617
224.0.28.121,11618,224.0.28.121.11618
224.0.25.101,11718,224.0.25.101.11718
224.0.28.121,16618,224.0.28.121.16618
224.0.28.121,19618,224.0.28.121.19618
224.0.28.121,11619,224.0.28.121.11619
224.0.25.101,11719,224.0.25.101.11719
224.0.28.121,16619,224.0.28.121.16619
224.0.28.122,19619,224.0.28.122.19619
224.0.25.254,20619,224.0.25.254.20619
224.0.28.122,11621,224.0.28.122.11621
224.0.25.101,11721,224.0.25.101.11721
224.0.28.122,16621,224.0.28.122.16621
224.0.28.123,19621,224.0.28.123.19621
224.0.25.254,20621,224.0.25.254.20621
224.0.28.122,11623,224.0.28.122.11623
224.0.25.101,11723,224.0.25.101.11723
224.0.28.122,16623,224.0.28.122.16623
224.0.25.254,20623,224.0.25.254.20623
224.0.28.123,11625,224.0.28.123.11625
224.0.25.101,11725,224.0.25.101.11725
224.0.28.123,16625,224.0.28.123.16625
224.0.25.254,20625,224.0.25.254.20625
224.0.25.101,11727,224.0.25.101.11727
224.0.28.124,19627,224.0.28.124.19627
224.0.25.254,20627,224.0.25.254.20627
224.0.25.101,11729,224.0.25.101.11729
224.0.28.125,19629,224.0.28.125.19629
224.0.25.254,20629,224.0.25.254.20629
224.0.25.101,11631,224.0.25.101.11631
224.0.25.101,11731,224.0.25.101.11731
224.0.25.127,16631,224.0.25.127.16631
224.0.25.127,19631,224.0.25.127.19631
224.0.25.254,20631,224.0.25.254.20631
224.0.25.101,11632,224.0.25.101.11632
224.0.25.101,11732,224.0.25.101.11732
224.0.25.127,16632,224.0.25.127.16632
224.0.25.127,19632,224.0.25.127.19632
224.0.25.254,20632,224.0.25.254.20632
224.0.28.121,11633,224.0.28.121.11633
224.0.25.101,11733,224.0.25.101.11733
224.0.28.121,16633,224.0.28.121.16633
224.0.25.127,19633,224.0.25.127.19633
224.0.25.254,20633,224.0.25.254.20633
224.0.28.121,11634,224.0.28.121.11634
224.0.25.101,11734,224.0.25.101.11734
224.0.28.121,16634,224.0.28.121.16634
224.0.28.121,19634,224.0.28.121.19634
224.0.25.254,20634,224.0.25.254.20634
224.0.28.122,11635,224.0.28.122.11635
224.0.25.101,11735,224.0.25.101.11735
224.0.28.122,16635,224.0.28.122.16635
224.0.28.121,19635,224.0.28.121.19635
224.0.25.254,20635,224.0.25.254.20635
224.0.28.122,11636,224.0.28.122.11636
224.0.25.101,11736,224.0.25.101.11736
224.0.28.122,16636,224.0.28.122.16636
224.0.28.121,19636,224.0.28.121.19636
224.0.25.254,20636,224.0.25.254.20636
224.0.28.123,11637,224.0.28.123.11637
224.0.25.101,11737,224.0.25.101.11737
224.0.28.123,16637,224.0.28.123.16637
224.0.28.122,19637,224.0.28.122.19637
224.0.25.254,20637,224.0.25.254.20637
224.0.28.123,11638,224.0.28.123.11638
224.0.25.101,11738,224.0.25.101.11738
224.0.28.123,16638,224.0.28.123.16638
224.0.28.122,19638,224.0.28.122.19638
224.0.25.254,20638,224.0.25.254.20638
224.0.25.101,11739,224.0.25.101.11739
224.0.28.122,19639,224.0.28.122.19639
224.0.25.254,20639,224.0.25.254.20639
224.0.25.101,11740,224.0.25.101.11740
224.0.28.123,19640,224.0.28.123.19640
224.0.25.254,20640,224.0.25.254.20640
224.0.28.124,11641,224.0.28.124.11641
224.0.25.101,11741,224.0.25.101.11741
224.0.28.124,16641,224.0.28.124.16641
224.0.28.123,19641,224.0.28.123.19641
224.0.25.254,20641,224.0.25.254.20641
224.0.28.124,11642,224.0.28.124.11642
224.0.25.101,11742,224.0.25.101.11742
224.0.28.124,16642,224.0.28.124.16642
224.0.25.254,20642,224.0.25.254.20642
224.0.28.124,11643,224.0.28.124.11643
224.0.25.101,11743,224.0.25.101.11743
224.0.28.124,16643,224.0.28.124.16643
224.0.25.254,20643,224.0.25.254.20643
224.0.28.125,11644,224.0.28.125.11644
224.0.25.101,11744,224.0.25.101.11744
224.0.28.125,16644,224.0.28.125.16644
224.0.25.254,20644,224.0.25.254.20644
224.0.28.125,11645,224.0.28.125.11645
224.0.25.101,11745,224.0.25.101.11745
224.0.25.127,16645,224.0.25.127.16645
224.0.28.124,19645,224.0.28.124.19645
224.0.25.254,20645,224.0.25.254.20645
224.0.28.126,11646,224.0.28.126.11646
224.0.25.101,11746,224.0.25.101.11746
224.0.28.126,16646,224.0.28.126.16646
224.0.25.127,19646,224.0.25.127.19646
224.0.25.254,20646,224.0.25.254.20646
224.0.28.126,11647,224.0.28.126.11647
224.0.25.101,11747,224.0.25.101.11747
224.0.28.126,16647,224.0.28.126.16647
224.0.25.127,19647,224.0.25.127.19647
224.0.25.254,20647,224.0.25.254.20647
224.0.28.126,11648,224.0.28.126.11648
224.0.25.101,11748,224.0.25.101.11748
224.0.28.126,16648,224.0.28.126.16648
224.0.25.127,19648,224.0.25.127.19648
224.0.25.254,20648,224.0.25.254.20648
224.0.28.125,11649,224.0.28.125.11649
224.0.25.101,11749,224.0.25.101.11749
224.0.28.125,16649,224.0.28.125.16649
224.0.28.121,19649,224.0.28.121.19649
224.0.25.254,20649,224.0.25.254.20649
224.0.28.125,11650,224.0.28.125.11650
224.0.25.101,11750,224.0.25.101.11750
224.0.28.125,16650,224.0.28.125.16650
224.0.28.121,19650,224.0.28.121.19650
224.0.25.254,20650,224.0.25.254.20650
224.0.28.125,11651,224.0.28.125.11651
224.0.25.101,11751,224.0.25.101.11751
224.0.28.125,16651,224.0.28.125.16651
224.0.28.121,19651,224.0.28.121.19651
224.0.25.254,20651,224.0.25.254.20651
224.0.28.124,11652,224.0.28.124.11652
224.0.25.101,11752,224.0.25.101.11752
224.0.28.124,16652,224.0.28.124.16652
224.0.28.122,19652,224.0.28.122.19652
224.0.25.254,20652,224.0.25.254.20652
224.0.28.124,11654,224.0.28.124.11654
224.0.25.101,11754,224.0.25.101.11754
224.0.28.124,16654,224.0.28.124.16654
224.0.28.122,19654,224.0.28.122.19654
224.0.25.254,20654,224.0.25.254.20654
224.0.28.123,11655,224.0.28.123.11655
224.0.25.101,11755,224.0.25.101.11755
224.0.28.123,16655,224.0.28.123.16655
224.0.28.123,19655,224.0.28.123.19655
224.0.25.254,20655,224.0.25.254.20655
224.0.28.123,11657,224.0.28.123.11657
224.0.25.101,11757,224.0.25.101.11757
224.0.28.123,16657,224.0.28.123.16657
224.0.28.123,19657,224.0.28.123.19657
224.0.25.254,20657,224.0.25.254.20657
224.0.28.122,11658,224.0.28.122.11658
